"Espacios de vida y actividad (Diferentes espacios donde la gente se alimenta)/Actividades espacio de vida./Productos espacio de vida/¿Qué producto obtiene?","Espacios de vida y actividad (Diferentes espacios donde la gente se alimenta)/Actividades espacio de vida./Productos espacio de vida/El producto ${producto_espacio} lo ocupa para:","Espacios de vida y actividad (Diferentes espacios donde la gente se alimenta)/Actividades espacio de vida./Productos espacio de vida/¿Cuánto obtiene de ${producto_espacio} al año?","Espacios de vida y actividad (Diferentes espacios donde la gente se alimenta)/Actividades espacio de vida./Productos espacio de vida/Unidad de medida del ${producto_espacio} (Pesca)","Espacios de vida y actividad (Diferentes espacios donde la gente se alimenta)/Actividades espacio de vida./Productos espacio de vida/Especifica la unidad de medida","Espacios de vida y actividad (Diferentes espacios donde la gente se alimenta)/Actividades espacio de vida./Productos espacio de vida/Unidad de medida del ${producto_espacio} (caza)","Espacios de vida y actividad (Diferentes espacios donde la gente se alimenta)/Actividades espacio de vida./Productos espacio de vida/Especifica la unidad de medida","Espacios de vida y actividad (Diferentes espacios donde la gente se alimenta)/Actividades espacio de vida./Productos espacio de vida/Unidad de medida del ${producto_espacio} (recolección)","Espacios de vida y actividad (Diferentes espacios donde la gente se alimenta)/Actividades espacio de vida./Productos espacio de vida/Especifica la unidad de medida","Espacios de vida y actividad (Diferentes espacios donde la gente se alimenta)/Actividades espacio de vida./Productos espacio de vida/Unidad de medida del ${producto_espacio} (compra/venta)","Espacios de vida y actividad (Diferentes espacios donde la gente se alimenta)/Actividades espacio de vida./Productos espacio de vida/Especifica la unidad de medida","Espacios de vida y actividad (Diferentes espacios donde la gente se alimenta)/Actividades espacio de vida./Productos espacio de vida/Unidad de medida del ${producto_espacio}(cultiva)","Espacios de vida y actividad (Diferentes espacios donde la gente se alimenta)/Actividades espacio de vida./Productos espacio de vida/Especifica la unidad de medida","Espacios de vida y actividad (Diferentes espacios donde la gente se alimenta)/Actividades espacio de vida./Productos espacio de vida/Unidad de medida del ${producto_espacio}(otro)","Espacios de vida y actividad (Diferentes espacios donde la gente se alimenta)/Actividades espacio de vida./Productos espacio de vida/Especifica la unidad de medida","Espacios de vida y actividad (Diferentes espacios donde la gente se alimenta)/Actividades espacio de vida./Productos espacio de vida/¿Cuánto de los productos obtenidos en los espacio de vida, consume la familia? (expresado en porcentaje)","_index","_parent_table_name","_parent_index","_submission__id","_submission__uuid","_submission__submission_time","_submission__validation_status"
"Azucar, huevo, leche","autoconsumo","50","","","","","","","Kilos","","","","","","100","442","group_actividades_espacio","283","44058215","3b8dfcea-8aa5-4e7b-ba59-200ca4ba9e76","2020-01-01T07:06:40",""
"Limon","ambos","2","","","","","","","Otra","Costales","","","","","90","443","group_actividades_espacio","283","44058215","3b8dfcea-8aa5-4e7b-ba59-200ca4ba9e76","2020-01-01T07:06:40",""
"Epazote","ambos","100","","","","","","","Manojos","","","","","","20","444","group_actividades_espacio","283","44058215","3b8dfcea-8aa5-4e7b-ba59-200ca4ba9e76","2020-01-01T07:06:40",""
"Huevo","autoconsumo","3","","","","","","","Kilos","","","","","","100","445","group_actividades_espacio","284","44058215","3b8dfcea-8aa5-4e7b-ba59-200ca4ba9e76","2020-01-01T07:06:40",""
"Mango","autoconsumo","1","","","","","","","Otra","Costal","","","","","100","446","group_actividades_espacio","284","44058215","3b8dfcea-8aa5-4e7b-ba59-200ca4ba9e76","2020-01-01T07:06:40",""
"Pescado","autoconsumo","1","Kilos","","","","","","","","","","","","100","447","group_actividades_espacio","286","44058221","797c8d0f-a58d-4662-9edc-fbe4419b1d57","2020-01-01T07:06:54",""
"Maiz","autoconsumo","2","","","","","","","","","Otra","Costales","","","100","448","group_actividades_espacio","287","44058232","c84444f3-c151-4b24-bf30-56ce4d635105","2020-01-01T07:07:07",""
"Maiz","autoconsumo","2","","","","","","","","","Otra","Costales","","","100","449","group_actividades_espacio","288","44058232","c84444f3-c151-4b24-bf30-56ce4d635105","2020-01-01T07:07:07",""
"Maiz","autoconsumo","5","","","","","","","","","Otra","Costales","","","100","450","group_actividades_espacio","289","44058245","ac058561-6af6-4054-9408-8bc31ea26593","2020-01-01T07:07:27",""
"Maiz","autoconsumo","5","","","","","","","","","Otra","Costales","","","100","451","group_actividades_espacio","290","44058247","dec554e2-f9f0-4113-8f57-011ba07d4828","2020-01-01T07:07:32",""
"Maiz","ambos","8","","","","","","","","","Otra","Costales","","","30","452","group_actividades_espacio","291","44058251","592657fc-f4ea-497d-824b-e4570dc1331a","2020-01-01T07:07:42",""
"Mandarina","ambos","2","","","","","","","","","Otra","Costales","","","20","453","group_actividades_espacio","291","44058251","592657fc-f4ea-497d-824b-e4570dc1331a","2020-01-01T07:07:42",""
"Yuca","ambos","30","","","","","","","","","kilos","","","","5","454","group_actividades_espacio","292","44058255","f310befc-2ac8-4a65-8150-afed22b3ef2b","2020-01-01T07:07:53",""
"Chile piquin","venta","5","","","","","","","","","kilos","","","","1","455","group_actividades_espacio","292","44058255","f310befc-2ac8-4a65-8150-afed22b3ef2b","2020-01-01T07:07:53",""
"Cilantro","ambos","15","","","","","","","","","Manojos","","","","10","456","group_actividades_espacio","292","44058255","f310befc-2ac8-4a65-8150-afed22b3ef2b","2020-01-01T07:07:53",""
"Platano tabasco","venta","50","","","","","","","","","kilos","","","","5","457","group_actividades_espacio","292","44058255","f310befc-2ac8-4a65-8150-afed22b3ef2b","2020-01-01T07:07:53",""
"Frijol","ambos","100","","","","","","","","","Otra","Cuartillos","","","10","458","group_actividades_espacio","292","44058255","f310befc-2ac8-4a65-8150-afed22b3ef2b","2020-01-01T07:07:53",""
"Maiz","ambos","300","","","","","","","","","Otra","Costales","","","10","459","group_actividades_espacio","292","44058255","f310befc-2ac8-4a65-8150-afed22b3ef2b","2020-01-01T07:07:53",""
"Naranja","ambos","20","","","","","","","","","Otra","Costales","","","5","460","group_actividades_espacio","292","44058255","f310befc-2ac8-4a65-8150-afed22b3ef2b","2020-01-01T07:07:53",""
"Platano macho","ambos","50","","","","","","","","","kilos","","","","5","461","group_actividades_espacio","292","44058255","f310befc-2ac8-4a65-8150-afed22b3ef2b","2020-01-01T07:07:53",""
"Platano manzano","venta","40","","","","","","","","","kilos","","","","2","462","group_actividades_espacio","292","44058255","f310befc-2ac8-4a65-8150-afed22b3ef2b","2020-01-01T07:07:53",""
"Caña","autoconsumo","5","","","","","","","Piezas","","","","","","80","463","group_actividades_espacio","293","44058255","f310befc-2ac8-4a65-8150-afed22b3ef2b","2020-01-01T07:07:53",""
"Pollo","autoconsumo","10","","","","","","","Piezas","","","","","","100","464","group_actividades_espacio","293","44058255","f310befc-2ac8-4a65-8150-afed22b3ef2b","2020-01-01T07:07:53",""
"Caña","venta","30","","","","","","","","","Otra","Piezas","","","1","465","group_actividades_espacio","294","44058258","0fd66cb0-ec97-481e-9d6f-8ab80ce6f34e","2020-01-01T07:08:04",""
"Chile piquin","venta","5","","","","","","","","","kilos","","","","1","466","group_actividades_espacio","294","44058258","0fd66cb0-ec97-481e-9d6f-8ab80ce6f34e","2020-01-01T07:08:04",""
"Frijol","ambos","10","","","","","","","","","Otra","Costales","","","5","467","group_actividades_espacio","294","44058258","0fd66cb0-ec97-481e-9d6f-8ab80ce6f34e","2020-01-01T07:08:04",""
"Maiz","ambos","100","","","","","","","","","Otra","Costales","","","10","468","group_actividades_espacio","294","44058258","0fd66cb0-ec97-481e-9d6f-8ab80ce6f34e","2020-01-01T07:08:04",""
"Naranja","venta","10","","","","","","","","","Otra","Costales","","","5","469","group_actividades_espacio","294","44058258","0fd66cb0-ec97-481e-9d6f-8ab80ce6f34e","2020-01-01T07:08:04",""
"Platano","ambos","40","","","","","","","","","kilos","","","","10","470","group_actividades_espacio","294","44058258","0fd66cb0-ec97-481e-9d6f-8ab80ce6f34e","2020-01-01T07:08:04",""
"Palmilla","venta","16","","","","","","","","","Manojos","","","","1","471","group_actividades_espacio","294","44058258","0fd66cb0-ec97-481e-9d6f-8ab80ce6f34e","2020-01-01T07:08:04",""
"Caxtilan","venta","100","","","","","","","","","Otra","Rollos","","","5","472","group_actividades_espacio","294","44058258","0fd66cb0-ec97-481e-9d6f-8ab80ce6f34e","2020-01-01T07:08:04",""
"Pollos","autoconsumo","20","","","","","Pieza","","","","","","","","100","473","group_actividades_espacio","295","44058258","0fd66cb0-ec97-481e-9d6f-8ab80ce6f34e","2020-01-01T07:08:04",""
"Maiz","ambos","80","","","","","Otra","Costales","","","","","","","10","474","group_actividades_espacio","296","44443455","5449574b-4100-4b91-8aed-c89344c93cb7","2020-01-09T04:53:47",""
"Frijol","ambos","4","","","","","Otra","Costales","","","","","","","10","475","group_actividades_espacio","296","44443455","5449574b-4100-4b91-8aed-c89344c93cb7","2020-01-09T04:53:47",""
"Chile","ambos","2","","","","","Otra","Costales","","","","","","","5","476","group_actividades_espacio","296","44443455","5449574b-4100-4b91-8aed-c89344c93cb7","2020-01-09T04:53:47",""
"Platano tabasco","ambos","50","","","","","Otra","Kilos","","","","","","","10","477","group_actividades_espacio","296","44443455","5449574b-4100-4b91-8aed-c89344c93cb7","2020-01-09T04:53:47",""
"Platano macho","ambos","60","","","","","Otra","Kilos","","","","","","","10","478","group_actividades_espacio","296","44443455","5449574b-4100-4b91-8aed-c89344c93cb7","2020-01-09T04:53:47",""
"Platano manzano","venta","50","","","","","Otra","Kilos","","","","","","","10","479","group_actividades_espacio","296","44443455","5449574b-4100-4b91-8aed-c89344c93cb7","2020-01-09T04:53:47",""
"Aceite","autoconsumo","5","","","","","","","Otra","Litros","","","","","100","480","group_actividades_espacio","297","44443455","5449574b-4100-4b91-8aed-c89344c93cb7","2020-01-09T04:53:47",""
"Manteca","autoconsumo","5","","","","","","","Kilos","","","","","","100","481","group_actividades_espacio","297","44443455","5449574b-4100-4b91-8aed-c89344c93cb7","2020-01-09T04:53:47",""
"Nescafe","autoconsumo","2","","","","","","","Piezas","","","","","","100","482","group_actividades_espacio","297","44443455","5449574b-4100-4b91-8aed-c89344c93cb7","2020-01-09T04:53:47",""
"Mandarina","autoconsumo","4","","","","","","","Kilos","","","","","","100","483","group_actividades_espacio","297","44443455","5449574b-4100-4b91-8aed-c89344c93cb7","2020-01-09T04:53:47",""
"Maiz","ambos","80","","","","","","","","","Otra","Costales","","","10","484","group_actividades_espacio","298","44443462","0179cdf7-8cde-4554-a554-3aed79d56d37","2020-01-09T04:53:57",""
"Frijol","ambos","4","","","","","","","","","Otra","Costales","","","10","485","group_actividades_espacio","298","44443462","0179cdf7-8cde-4554-a554-3aed79d56d37","2020-01-09T04:53:57",""
"Liche","ambos","20","","","","","","","","","Otra","Cajas","","","30","486","group_actividades_espacio","298","44443462","0179cdf7-8cde-4554-a554-3aed79d56d37","2020-01-09T04:53:57",""
"Mandarinas","ambos","5","","","","","","","","","Otra","Costales","","","10","487","group_actividades_espacio","298","44443462","0179cdf7-8cde-4554-a554-3aed79d56d37","2020-01-09T04:53:57",""
"Maiz","ambos","80","","","","","","","","","Otra","Costales","","","10","488","group_actividades_espacio","299","44443469","0c9a9583-2859-4487-b2b7-e926c16f17cf","2020-01-09T04:54:13",""
"Frijol","ambos","2","","","","","","","","","Otra","Costales","","","8","489","group_actividades_espacio","299","44443469","0c9a9583-2859-4487-b2b7-e926c16f17cf","2020-01-09T04:54:13",""
"Chile tepin","ambos","4","","","","","","","","","Otra","Costales","","","1","490","group_actividades_espacio","299","44443469","0c9a9583-2859-4487-b2b7-e926c16f17cf","2020-01-09T04:54:13",""
"Naranjas","venta","2","","","","","","","","","Otra","Toneladas","","","3","491","group_actividades_espacio","299","44443469","0c9a9583-2859-4487-b2b7-e926c16f17cf","2020-01-09T04:54:13",""
"Platano","autoconsumo","2","","","","","","","","","Manojos","","","","100","492","group_actividades_espacio","299","44443469","0c9a9583-2859-4487-b2b7-e926c16f17cf","2020-01-09T04:54:13",""
"Ciruela","autoconsumo","5","","","","","","","","","kilos","","","","100","493","group_actividades_espacio","299","44443469","0c9a9583-2859-4487-b2b7-e926c16f17cf","2020-01-09T04:54:13",""
"Jobo","autoconsumo","2","","","","","","","","","Otra","Cubetas","","","100","494","group_actividades_espacio","299","44443469","0c9a9583-2859-4487-b2b7-e926c16f17cf","2020-01-09T04:54:13",""
"Limon","autoconsumo","5","","","","","","","","","kilos","","","","100","495","group_actividades_espacio","299","44443469","0c9a9583-2859-4487-b2b7-e926c16f17cf","2020-01-09T04:54:13",""
"Mandarina","ambos","2","","","","","","","","","Otra","Costales","","","5","496","group_actividades_espacio","299","44443469","0c9a9583-2859-4487-b2b7-e926c16f17cf","2020-01-09T04:54:13",""
"Maiz","ambos","60","","","","","Otra","Costales","","","","","","","15","497","group_actividades_espacio","300","44443480","4199e751-7f69-48cb-8c2f-b566248fb01a","2020-01-09T04:54:26",""
"Frijol emecate","ambos","5","","","","","Otra","Costales","","","","","","","5","498","group_actividades_espacio","300","44443480","4199e751-7f69-48cb-8c2f-b566248fb01a","2020-01-09T04:54:26",""
"Frijol pixaje","ambos","8","","","","","Otra","Costales","","","","","","","5","499","group_actividades_espacio","300","44443480","4199e751-7f69-48cb-8c2f-b566248fb01a","2020-01-09T04:54:26",""
"Frijol chimequel","ambos","5","","","","","Otra","Costales","","","","","","","5","500","group_actividades_espacio","300","44443480","4199e751-7f69-48cb-8c2f-b566248fb01a","2020-01-09T04:54:26",""
"Sandia","autoconsumo","5","","","","","Pieza","","","","","","","","100","501","group_actividades_espacio","300","44443480","4199e751-7f69-48cb-8c2f-b566248fb01a","2020-01-09T04:54:26",""
"Melon","autoconsumo","2","","","","","Pieza","","","","","","","","100","502","group_actividades_espacio","300","44443480","4199e751-7f69-48cb-8c2f-b566248fb01a","2020-01-09T04:54:26",""
"Mandarina","autoconsumo","2","","","","","Otra","Costales","","","","","","","100","503","group_actividades_espacio","300","44443480","4199e751-7f69-48cb-8c2f-b566248fb01a","2020-01-09T04:54:26",""
"Naranjas","ambos","10","","","","","Otra","Costales","","","","","","","10","504","group_actividades_espacio","300","44443480","4199e751-7f69-48cb-8c2f-b566248fb01a","2020-01-09T04:54:26",""
"Lima chichi","autoconsumo","2","","","","","Otra","Costales","","","","","","","100","505","group_actividades_espacio","300","44443480","4199e751-7f69-48cb-8c2f-b566248fb01a","2020-01-09T04:54:26",""
"Limon","autoconsumo","5","","","","","Otra","Kilos","","","","","","","100","506","group_actividades_espacio","300","44443480","4199e751-7f69-48cb-8c2f-b566248fb01a","2020-01-09T04:54:26",""
"Chile tepin","ambos","10","","","","","Otra","Costales","","","","","","","3","507","group_actividades_espacio","300","44443480","4199e751-7f69-48cb-8c2f-b566248fb01a","2020-01-09T04:54:26",""
"Chile rayado","ambos","100","","","","","Otra","Costales","","","","","","","3","508","group_actividades_espacio","300","44443480","4199e751-7f69-48cb-8c2f-b566248fb01a","2020-01-09T04:54:26",""
"Platano macho","ambos","6","","","","","Manojo","","","","","","","","50","509","group_actividades_espacio","300","44443480","4199e751-7f69-48cb-8c2f-b566248fb01a","2020-01-09T04:54:26",""
"Platano manzano","autoconsumo","2","","","","","Manojo","","","","","","","","100","510","group_actividades_espacio","300","44443480","4199e751-7f69-48cb-8c2f-b566248fb01a","2020-01-09T04:54:26",""
"Platano tabasco","autoconsumo","2","","","","","Manojo","","","","","","","","100","511","group_actividades_espacio","300","44443480","4199e751-7f69-48cb-8c2f-b566248fb01a","2020-01-09T04:54:26",""
"Calabaza","autoconsumo","6","","","","","","","Piezas","","","","","","100","512","group_actividades_espacio","301","44443488","b774b984-e3fc-4e89-9d96-61044af5cde7","2020-01-09T04:54:39",""
"Tortilla","autoconsumo","10","","","","","","","Kilos","","","","","","100","513","group_actividades_espacio","301","44443488","b774b984-e3fc-4e89-9d96-61044af5cde7","2020-01-09T04:54:39",""
"Chile","autoconsumo","5","","","","","","","Kilos","","","","","","100","514","group_actividades_espacio","301","44443488","b774b984-e3fc-4e89-9d96-61044af5cde7","2020-01-09T04:54:39",""
"Tomate","autoconsumo","10","","","","","","","Kilos","","","","","","100","515","group_actividades_espacio","301","44443488","b774b984-e3fc-4e89-9d96-61044af5cde7","2020-01-09T04:54:39",""
"Cebolla","autoconsumo","6","","","","","","","Kilos","","","","","","100","516","group_actividades_espacio","301","44443488","b774b984-e3fc-4e89-9d96-61044af5cde7","2020-01-09T04:54:39",""
"Cebolla","autoconsumo","5","","","","","","","Kilos","","","","","","100","517","group_actividades_espacio","302","44443496","071e1670-61d4-4ed1-99e6-4fb36fd4c8ec","2020-01-09T04:54:50",""
"Chile","autoconsumo","5","","","","","","","Kilos","","","","","","100","518","group_actividades_espacio","302","44443496","071e1670-61d4-4ed1-99e6-4fb36fd4c8ec","2020-01-09T04:54:50",""
"Tomate","autoconsumo","5","","","","","","","Kilos","","","","","","100","519","group_actividades_espacio","302","44443496","071e1670-61d4-4ed1-99e6-4fb36fd4c8ec","2020-01-09T04:54:50",""
"Maiz","ambos","20","","","","","Otra","Costales","","","","","","","10","520","group_actividades_espacio","303","44443496","071e1670-61d4-4ed1-99e6-4fb36fd4c8ec","2020-01-09T04:54:50",""
"Calabaza","ambos","1","","","","","Otra","Costal","","","","","","","10","521","group_actividades_espacio","303","44443496","071e1670-61d4-4ed1-99e6-4fb36fd4c8ec","2020-01-09T04:54:50",""
"Chayote","ambos","60","","","","","Otra","Rejas","","","","","","","10","522","group_actividades_espacio","303","44443496","071e1670-61d4-4ed1-99e6-4fb36fd4c8ec","2020-01-09T04:54:50",""
"Xonacate","ambos","400","","","","","Manojo","","","","","","","","10","523","group_actividades_espacio","303","44443496","071e1670-61d4-4ed1-99e6-4fb36fd4c8ec","2020-01-09T04:54:50",""
"Cilantro","ambos","150","","","","","Manojo","","","","","","","","15","524","group_actividades_espacio","303","44443496","071e1670-61d4-4ed1-99e6-4fb36fd4c8ec","2020-01-09T04:54:50",""
"Maiz","ambos","50","","","","","Otra","Costales","","","","","","","10","525","group_actividades_espacio","304","44443507","e63cf079-c9c7-40bd-89da-f77525c5fd38","2020-01-09T04:55:02",""
"Platano","ambos","80","","","","","Manojo","","","","","","","","10","526","group_actividades_espacio","304","44443507","e63cf079-c9c7-40bd-89da-f77525c5fd38","2020-01-09T04:55:02",""
"Papaya","ambos","200","","","","","Pieza","","","","","","","","5","527","group_actividades_espacio","304","44443507","e63cf079-c9c7-40bd-89da-f77525c5fd38","2020-01-09T04:55:02",""
"Aguacate","ambos","30","","","","","Otra","Cajas","","","","","","","10","528","group_actividades_espacio","304","44443507","e63cf079-c9c7-40bd-89da-f77525c5fd38","2020-01-09T04:55:02",""
"Mango manila","ambos","50","","","","","Otra","Cajas","","","","","","","5","529","group_actividades_espacio","304","44443507","e63cf079-c9c7-40bd-89da-f77525c5fd38","2020-01-09T04:55:02",""
"Mandarina","ambos","60","","","","","Otra","Cajas","","","","","","","5","530","group_actividades_espacio","304","44443507","e63cf079-c9c7-40bd-89da-f77525c5fd38","2020-01-09T04:55:02",""
"Camote","ambos","20","","","","","Otra","Costales","","","","","","","5","531","group_actividades_espacio","304","44443507","e63cf079-c9c7-40bd-89da-f77525c5fd38","2020-01-09T04:55:02",""
"Pollo","autoconsumo","50","","","","","Pieza","","","","","","","","100","532","group_actividades_espacio","305","44443507","e63cf079-c9c7-40bd-89da-f77525c5fd38","2020-01-09T04:55:02",""
"Huevo","autoconsumo","2","","","","","Otra","Cajas","","","","","","","100","533","group_actividades_espacio","305","44443507","e63cf079-c9c7-40bd-89da-f77525c5fd38","2020-01-09T04:55:02",""
"Maiz","autoconsumo","10","","","","","Otra","Costales","","","","","","","100","534","group_actividades_espacio","306","44443521","a4edd2c3-c749-4074-926e-e4b6a6d37981","2020-01-09T04:55:14",""
"Lentejas","autoconsumo","10","","","","","Otra","Cuartillos","","","","","","","100","535","group_actividades_espacio","306","44443521","a4edd2c3-c749-4074-926e-e4b6a6d37981","2020-01-09T04:55:14",""
"Xonacate blanco","ambos","20","","","","","Otra","Rollos","","","","","","","50","536","group_actividades_espacio","306","44443521","a4edd2c3-c749-4074-926e-e4b6a6d37981","2020-01-09T04:55:14",""
"Papaya","autoconsumo","5","","","","","Pieza","","","","","","","","100","537","group_actividades_espacio","306","44443521","a4edd2c3-c749-4074-926e-e4b6a6d37981","2020-01-09T04:55:14",""
"Caña","autoconsumo","10","","","","","Pieza","","","","","","","","100","538","group_actividades_espacio","306","44443521","a4edd2c3-c749-4074-926e-e4b6a6d37981","2020-01-09T04:55:14",""
"Mandarina","autoconsumo","5","","","","","Otra","Kilos","","","","","","","100","539","group_actividades_espacio","306","44443521","a4edd2c3-c749-4074-926e-e4b6a6d37981","2020-01-09T04:55:14",""
"Platano manzano","autoconsumo","2","","","","","Manojo","","","","","","","","100","540","group_actividades_espacio","306","44443521","a4edd2c3-c749-4074-926e-e4b6a6d37981","2020-01-09T04:55:14",""
"Calabaza","ambos","40","","","","","Pieza","","","","","","","","30","541","group_actividades_espacio","306","44443521","a4edd2c3-c749-4074-926e-e4b6a6d37981","2020-01-09T04:55:14",""
"Pollo","autoconsumo","10","","","","","","","","","","","","","100","542","group_actividades_espacio","307","44443521","a4edd2c3-c749-4074-926e-e4b6a6d37981","2020-01-09T04:55:14",""
"Guajolote","autoconsumo","6","","","","","","","","","","","","","100","543","group_actividades_espacio","307","44443521","a4edd2c3-c749-4074-926e-e4b6a6d37981","2020-01-09T04:55:14",""
"Maiz","autoconsumo","16","","","","","Otra","Costales","","","","","","","100","544","group_actividades_espacio","308","44570900","cc1d1845-c54b-47a1-b665-b1c4ee03debe","2020-01-11T02:31:05",""
"Mandarina","autoconsumo","3","","","","","Otra","Cajas","","","","","","","100","545","group_actividades_espacio","308","44570900","cc1d1845-c54b-47a1-b665-b1c4ee03debe","2020-01-11T02:31:05",""
"Aguacate","autoconsumo","3","","","","","Otra","Cajas","","","","","","","100","546","group_actividades_espacio","308","44570900","cc1d1845-c54b-47a1-b665-b1c4ee03debe","2020-01-11T02:31:05",""
"Jobo","autoconsumo","3","","","","","Otra","Cubeta","","","","","","","100","547","group_actividades_espacio","308","44570900","cc1d1845-c54b-47a1-b665-b1c4ee03debe","2020-01-11T02:31:05",""
"Xonacate blanco","autoconsumo","10","","","","","Otra","Rollos","","","","","","","100","548","group_actividades_espacio","308","44570900","cc1d1845-c54b-47a1-b665-b1c4ee03debe","2020-01-11T02:31:05",""
"Caxtilan","autoconsumo","4","","","","","Otra","Rollos","","","","","","","100","549","group_actividades_espacio","308","44570900","cc1d1845-c54b-47a1-b665-b1c4ee03debe","2020-01-11T02:31:05",""
"Chayote","ambos","1","","","","","Otra","Costal","","","","","","","30","550","group_actividades_espacio","308","44570900","cc1d1845-c54b-47a1-b665-b1c4ee03debe","2020-01-11T02:31:05",""
"Nopal criollo","ambos","3","","","","","Otra","Cajas","","","","","","","10","551","group_actividades_espacio","308","44570900","cc1d1845-c54b-47a1-b665-b1c4ee03debe","2020-01-11T02:31:05",""
"Frijol","autoconsumo","6","","","","","","","Kilos","","","","","","100","552","group_actividades_espacio","309","44570903","40b4a5f0-01df-433c-9815-80e66281f3b9","2020-01-11T02:31:16",""
"Maiz","autoconsumo","6","","","","","","","Otra","Cuartillos","","","","","100","553","group_actividades_espacio","309","44570903","40b4a5f0-01df-433c-9815-80e66281f3b9","2020-01-11T02:31:16",""
"Chile","autoconsumo","5","","","","","","","Kilos","","","","","","100","554","group_actividades_espacio","309","44570903","40b4a5f0-01df-433c-9815-80e66281f3b9","2020-01-11T02:31:16",""
"Tomate","autoconsumo","5","","","","","","","Kilos","","","","","","100","555","group_actividades_espacio","309","44570903","40b4a5f0-01df-433c-9815-80e66281f3b9","2020-01-11T02:31:16",""
"Maiz","ambos","40","","","","","Otra","Costales","","","","","","","20","556","group_actividades_espacio","310","44570907","603bd068-13c5-472e-bcc7-bcdc7aacf77a","2020-01-11T02:31:25",""
"Caxtilan","ambos","200","","","","","Otra","Rollos","","","","","","","20","557","group_actividades_espacio","310","44570907","603bd068-13c5-472e-bcc7-bcdc7aacf77a","2020-01-11T02:31:25",""
"Calabaza","ambos","300","","","","","Pieza","","","","","","","","10","558","group_actividades_espacio","310","44570907","603bd068-13c5-472e-bcc7-bcdc7aacf77a","2020-01-11T02:31:25",""
"Nopal","ambos","20","","","","","Otra","Cajas","","","","","","","5","559","group_actividades_espacio","310","44570907","603bd068-13c5-472e-bcc7-bcdc7aacf77a","2020-01-11T02:31:25",""
"Aguacate","ambos","20","","","","","Otra","Cajas","","","","","","","15","560","group_actividades_espacio","310","44570907","603bd068-13c5-472e-bcc7-bcdc7aacf77a","2020-01-11T02:31:25",""
"Mango manila","ambos","6","","","","","Otra","Cajas","","","","","","","10","561","group_actividades_espacio","310","44570907","603bd068-13c5-472e-bcc7-bcdc7aacf77a","2020-01-11T02:31:25",""
"Jobo","ambos","30","","","","","Otra","Litros","","","","","","","20","562","group_actividades_espacio","310","44570907","603bd068-13c5-472e-bcc7-bcdc7aacf77a","2020-01-11T02:31:25",""
"Tamarindo","ambos","6","","","","","Otra","Costales","","","","","","","20","563","group_actividades_espacio","310","44570907","603bd068-13c5-472e-bcc7-bcdc7aacf77a","2020-01-11T02:31:25",""
"Platano castillo","ambos","4","","","","","Otra","Cajas","","","","","","","10","564","group_actividades_espacio","310","44570907","603bd068-13c5-472e-bcc7-bcdc7aacf77a","2020-01-11T02:31:25",""
"Platano manzano","ambos","4","","","","","Otra","Cajas","","","","","","","10","565","group_actividades_espacio","310","44570907","603bd068-13c5-472e-bcc7-bcdc7aacf77a","2020-01-11T02:31:25",""
"Caxtilan","ambos","400","","","","","Otra","Costales","","","","","","","15","566","group_actividades_espacio","311","44570911","ec089946-01ab-47d0-a099-93d2048b5f80","2020-01-11T02:31:34",""
"Frijol nayarit","ambos","30","","","","","Otra","Costales","","","","","","","15","567","group_actividades_espacio","311","44570911","ec089946-01ab-47d0-a099-93d2048b5f80","2020-01-11T02:31:34",""
"Maiz","ambos","27","","","","","Otra","Costal","","","","","","","20","568","group_actividades_espacio","311","44570911","ec089946-01ab-47d0-a099-93d2048b5f80","2020-01-11T02:31:34",""
"Liche","ambos","5","","","","","Otra","Cubeta","","","","","","","10","569","group_actividades_espacio","311","44570911","ec089946-01ab-47d0-a099-93d2048b5f80","2020-01-11T02:31:34",""
"Zapote","autoconsumo","1","","","","","Otra","Costal","","","","","","","100","570","group_actividades_espacio","311","44570911","ec089946-01ab-47d0-a099-93d2048b5f80","2020-01-11T02:31:34",""
"Naranja","autoconsumo","2","","","","","Otra","Costales","","","","","","","100","571","group_actividades_espacio","311","44570911","ec089946-01ab-47d0-a099-93d2048b5f80","2020-01-11T02:31:34",""
"Aguacate","ambos","6","","","","","Otra","Reja","","","","","","","10","572","group_actividades_espacio","311","44570911","ec089946-01ab-47d0-a099-93d2048b5f80","2020-01-11T02:31:34",""
"Mango manila","autoconsumo","1","","","","","Otra","Caja","","","","","","","100","573","group_actividades_espacio","311","44570911","ec089946-01ab-47d0-a099-93d2048b5f80","2020-01-11T02:31:34",""
"Platano macho","autoconsumo","1","","","","","Manojo","","","","","","","","100","574","group_actividades_espacio","311","44570911","ec089946-01ab-47d0-a099-93d2048b5f80","2020-01-11T02:31:34",""
"Platano manzano","ambos","5","","","","","Otra","Rejas","","","","","","","5","575","group_actividades_espacio","311","44570911","ec089946-01ab-47d0-a099-93d2048b5f80","2020-01-11T02:31:34",""
"Platano tabasco","autoconsumo","1","","","","","Manojo","","","","","","","","100","576","group_actividades_espacio","311","44570911","ec089946-01ab-47d0-a099-93d2048b5f80","2020-01-11T02:31:34",""
"Calabaza","ambos","300","","","","","Pieza","","","","","","","","10","577","group_actividades_espacio","311","44570911","ec089946-01ab-47d0-a099-93d2048b5f80","2020-01-11T02:31:34",""
"Cilantro","ambos","30","","","","","Otra","Rollos","","","","","","","15","578","group_actividades_espacio","311","44570911","ec089946-01ab-47d0-a099-93d2048b5f80","2020-01-11T02:31:34",""
"Maiz","ambos","10","","","","","Otra","Costal","","","","","","","50","579","group_actividades_espacio","312","44570934","07cdccfa-2fdf-4e43-bd6c-e249f5d4087c","2020-01-11T02:31:45",""
"Frijol nayarit","autoconsumo","1","","","","","Otra","Costal","","","","","","","100","580","group_actividades_espacio","312","44570934","07cdccfa-2fdf-4e43-bd6c-e249f5d4087c","2020-01-11T02:31:45",""
"Ajonjoli","ambos","2","","","","","Otra","Costal","","","","","","","10","581","group_actividades_espacio","312","44570934","07cdccfa-2fdf-4e43-bd6c-e249f5d4087c","2020-01-11T02:31:45",""
"Platano macho","ambos","4","","","","","Otra","Racimos","","","","","","","15","582","group_actividades_espacio","312","44570934","07cdccfa-2fdf-4e43-bd6c-e249f5d4087c","2020-01-11T02:31:45",""
"Mandarina","autoconsumo","1","","","","","Otra","Costal","","","","","","","100","583","group_actividades_espacio","312","44570934","07cdccfa-2fdf-4e43-bd6c-e249f5d4087c","2020-01-11T02:31:45",""
"Caxtilan","ambos","3","","","","","Otra","Costales","","","","","","","50","584","group_actividades_espacio","312","44570934","07cdccfa-2fdf-4e43-bd6c-e249f5d4087c","2020-01-11T02:31:45",""
"Maiz","ambos","10","","","","","Otra","Costal","","","","","","","30","585","group_actividades_espacio","313","44570939","c1a64a49-e51b-4ed2-8f84-6da5e9c47ffb","2020-01-11T02:31:53",""
"Frijol","autoconsumo","3","","","","","Otra","Costal","","","","","","","100","586","group_actividades_espacio","313","44570939","c1a64a49-e51b-4ed2-8f84-6da5e9c47ffb","2020-01-11T02:31:53",""
"Caxtilan","ambos","100","","","","","Otra","Costal","","","","","","","30","587","group_actividades_espacio","313","44570939","c1a64a49-e51b-4ed2-8f84-6da5e9c47ffb","2020-01-11T02:31:53",""
"Calabaza","ambos","100","","","","","Pieza","","","","","","","","20","588","group_actividades_espacio","313","44570939","c1a64a49-e51b-4ed2-8f84-6da5e9c47ffb","2020-01-11T02:31:53",""
"Chayote","ambos","1","","","","","Otra","Costal","","","","","","","5","589","group_actividades_espacio","313","44570939","c1a64a49-e51b-4ed2-8f84-6da5e9c47ffb","2020-01-11T02:31:53",""
"Maiz","autoconsumo","5","","","","","Otra","Costal","","","","","","","100","590","group_actividades_espacio","314","44663385","b7c78373-79c7-417f-8f73-e2815dcd8e04","2020-01-13T02:03:50",""
"Guayaba","autoconsumo","1","","","","","Otra","Caja","","","","","","","100","591","group_actividades_espacio","314","44663385","b7c78373-79c7-417f-8f73-e2815dcd8e04","2020-01-13T02:03:50",""
"Platano manzano","autoconsumo","1","","","","","Otra","Caja","","","","","","","100","592","group_actividades_espacio","314","44663385","b7c78373-79c7-417f-8f73-e2815dcd8e04","2020-01-13T02:03:50",""
"Naranja","autoconsumo","1","","","","","Otra","Costal","","","","","","","100","593","group_actividades_espacio","314","44663385","b7c78373-79c7-417f-8f73-e2815dcd8e04","2020-01-13T02:03:50",""
"Chile","autoconsumo","5","","","","","","","Kilos","","","","","","100","594","group_actividades_espacio","315","44663385","b7c78373-79c7-417f-8f73-e2815dcd8e04","2020-01-13T02:03:50",""
"Tomate","autoconsumo","5","","","","","","","Kilos","","","","","","100","595","group_actividades_espacio","315","44663385","b7c78373-79c7-417f-8f73-e2815dcd8e04","2020-01-13T02:03:50",""
"Cebolla","autoconsumo","5","","","","","","","Kilos","","","","","","100","596","group_actividades_espacio","315","44663385","b7c78373-79c7-417f-8f73-e2815dcd8e04","2020-01-13T02:03:50",""
"Papa","autoconsumo","5","","","","","","","Kilos","","","","","","100","597","group_actividades_espacio","315","44663385","b7c78373-79c7-417f-8f73-e2815dcd8e04","2020-01-13T02:03:50",""
"Chayote","autoconsumo","5","","","","","","","Piezas","","","","","","100","598","group_actividades_espacio","315","44663385","b7c78373-79c7-417f-8f73-e2815dcd8e04","2020-01-13T02:03:50",""
"Maiz","ambos","16","","","","","Otra","Costal","","","","","","","50","599","group_actividades_espacio","316","44663389","db8c2bc8-27c2-4103-a5e9-f35d4e854ea0","2020-01-13T02:03:58",""
"Frijol","ambos","10","","","","","Otra","Costal","","","","","","","50","600","group_actividades_espacio","316","44663389","db8c2bc8-27c2-4103-a5e9-f35d4e854ea0","2020-01-13T02:03:58",""
"Ajonjoli","venta","4","","","","","Otra","Costal","","","","","","","1","601","group_actividades_espacio","316","44663389","db8c2bc8-27c2-4103-a5e9-f35d4e854ea0","2020-01-13T02:03:58",""
"Calabaza","ambos","250","","","","","Pieza","","","","","","","","20","602","group_actividades_espacio","316","44663389","db8c2bc8-27c2-4103-a5e9-f35d4e854ea0","2020-01-13T02:03:58",""
"Platano manzano","ambos","4","","","","","Otra","Cajas","","","","","","","10","603","group_actividades_espacio","316","44663389","db8c2bc8-27c2-4103-a5e9-f35d4e854ea0","2020-01-13T02:03:58",""
"Palmilla","ambos","20","","","","","Manojo","","","","","","","","5","604","group_actividades_espacio","317","45507371","865363bc-7d0f-422e-bf04-2442c02dba4c","2020-01-26T06:44:16",""
"Maiz","ambos","30","","","","","Otra","Costal","","","","","","","30","605","group_actividades_espacio","317","45507371","865363bc-7d0f-422e-bf04-2442c02dba4c","2020-01-26T06:44:16",""
"Naranja","ambos","2","","","","","Otra","Costal","","","","","","","10","606","group_actividades_espacio","317","45507371","865363bc-7d0f-422e-bf04-2442c02dba4c","2020-01-26T06:44:16",""
"Platano manzano","autoconsumo","2","","","","","Manojo","","","","","","","","100","607","group_actividades_espacio","317","45507371","865363bc-7d0f-422e-bf04-2442c02dba4c","2020-01-26T06:44:16",""
"Platano macho","autoconsumo","1","","","","","Manojo","","","","","","","","100","608","group_actividades_espacio","317","45507371","865363bc-7d0f-422e-bf04-2442c02dba4c","2020-01-26T06:44:16",""
"Frijol chimequel","ambos","1","","","","","Otra","Costal","","","","","","","20","609","group_actividades_espacio","317","45507371","865363bc-7d0f-422e-bf04-2442c02dba4c","2020-01-26T06:44:16",""
"Lenteja","ambos","2","","","","","Otra","Costal","","","","","","","30","610","group_actividades_espacio","317","45507371","865363bc-7d0f-422e-bf04-2442c02dba4c","2020-01-26T06:44:16",""
"Ajonjoli","autoconsumo","1","","","","","Otra","Litro","","","","","","","100","611","group_actividades_espacio","317","45507371","865363bc-7d0f-422e-bf04-2442c02dba4c","2020-01-26T06:44:16",""
"Calabaza","autoconsumo","20","","","","","Pieza","","","","","","","","100","612","group_actividades_espacio","317","45507371","865363bc-7d0f-422e-bf04-2442c02dba4c","2020-01-26T06:44:16",""
"Aguacate oloroso","ambos","5","","","","","Otra","Costal","","","","","","","10","613","group_actividades_espacio","317","45507371","865363bc-7d0f-422e-bf04-2442c02dba4c","2020-01-26T06:44:16",""
"Cafetal","ambos","5","","","","","Otra","Costal","","","","","","","30","614","group_actividades_espacio","317","45507371","865363bc-7d0f-422e-bf04-2442c02dba4c","2020-01-26T06:44:16",""
"Nopal criollo","autoconsumo","1","","","","","Otra","Costal","","","","","","","100","615","group_actividades_espacio","317","45507371","865363bc-7d0f-422e-bf04-2442c02dba4c","2020-01-26T06:44:16",""
"Maiz","autoconsumo","18","","","","","Otra","Costales","","","","","","","100","616","group_actividades_espacio","318","45507373","d6706e43-727d-4f5d-9bae-67df73d7d767","2020-01-26T06:44:22",""
"Frijol chimequel","ambos","1","","","","","Otra","Costal","","","","","","","40","617","group_actividades_espacio","318","45507373","d6706e43-727d-4f5d-9bae-67df73d7d767","2020-01-26T06:44:22",""
"Jitomate criollo","ambos","12","","","","","Otra","Caja","","","","","","","20","618","group_actividades_espacio","318","45507373","d6706e43-727d-4f5d-9bae-67df73d7d767","2020-01-26T06:44:22",""
"Calabaza","ambos","70","","","","","Pieza","","","","","","","","20","619","group_actividades_espacio","318","45507373","d6706e43-727d-4f5d-9bae-67df73d7d767","2020-01-26T06:44:22",""
"Pipian","ambos","3","","","","","Otra","Cuartillos","","","","","","","10","620","group_actividades_espacio","318","45507373","d6706e43-727d-4f5d-9bae-67df73d7d767","2020-01-26T06:44:22",""
"Frijol emecate","ambos","2","","","","","Otra","Cuartillos","","","","","","","20","621","group_actividades_espacio","318","45507373","d6706e43-727d-4f5d-9bae-67df73d7d767","2020-01-26T06:44:22",""
"Papaya","autoconsumo","8","","","","","Pieza","","","","","","","","100","622","group_actividades_espacio","318","45507373","d6706e43-727d-4f5d-9bae-67df73d7d767","2020-01-26T06:44:22",""
"Liche","autoconsumo","1","","","","","Otra","Cubeta","","","","","","","100","623","group_actividades_espacio","318","45507373","d6706e43-727d-4f5d-9bae-67df73d7d767","2020-01-26T06:44:22",""
"Zapote","autoconsumo","1","","","","","Otra","Caja","","","","","","","100","624","group_actividades_espacio","318","45507373","d6706e43-727d-4f5d-9bae-67df73d7d767","2020-01-26T06:44:22",""
"Maiz","autoconsumo","1","","","","","","","Otra","Cuartillo","","","","","100","625","group_actividades_espacio","319","45507375","bbf988a9-2599-4015-9666-aa45574b6128","2020-01-26T06:44:29",""
"Chile","autoconsumo","5","","","","","","","Kilos","","","","","","100","626","group_actividades_espacio","319","45507375","bbf988a9-2599-4015-9666-aa45574b6128","2020-01-26T06:44:29",""
"Tomate","autoconsumo","5","","","","","","","Kilos","","","","","","100","627","group_actividades_espacio","319","45507375","bbf988a9-2599-4015-9666-aa45574b6128","2020-01-26T06:44:29",""
"Cebolla","autoconsumo","5","","","","","","","Kilos","","","","","","100","628","group_actividades_espacio","319","45507375","bbf988a9-2599-4015-9666-aa45574b6128","2020-01-26T06:44:29",""
"Frijol","autoconsumo","1","","","","","","","Otra","Cuartillo","","","","","100","629","group_actividades_espacio","319","45507375","bbf988a9-2599-4015-9666-aa45574b6128","2020-01-26T06:44:29",""
"Maiz","autoconsumo","15","","","","","Otra","Costal","","","","","","","100","630","group_actividades_espacio","320","45507377","cbbfd991-8a5a-48d2-930f-cf39fab60461","2020-01-26T06:44:35",""
"Frijol zurco","ambos","4","","","","","Otra","Costal","","","","","","","40","631","group_actividades_espacio","320","45507377","cbbfd991-8a5a-48d2-930f-cf39fab60461","2020-01-26T06:44:35",""
"Frijol chimequel","ambos","2","","","","","Otra","Costal","","","","","","","40","632","group_actividades_espacio","320","45507377","cbbfd991-8a5a-48d2-930f-cf39fab60461","2020-01-26T06:44:35",""
"Mandarina","ambos","8","","","","","Otra","Caja","","","","","","","10","633","group_actividades_espacio","320","45507377","cbbfd991-8a5a-48d2-930f-cf39fab60461","2020-01-26T06:44:35",""
"Platano macho","autoconsumo","6","","","","","Manojo","","","","","","","","100","634","group_actividades_espacio","320","45507377","cbbfd991-8a5a-48d2-930f-cf39fab60461","2020-01-26T06:44:35",""
"Platano manzano","autoconsumo","3","","","","","Manojo","","","","","","","","100","635","group_actividades_espacio","320","45507377","cbbfd991-8a5a-48d2-930f-cf39fab60461","2020-01-26T06:44:35",""
"Chiltepin","ambos","2","","","","","Otra","Cuartillos","","","","","","","10","636","group_actividades_espacio","320","45507377","cbbfd991-8a5a-48d2-930f-cf39fab60461","2020-01-26T06:44:35",""
"Papaya","ambos","100","","","","","Pieza","","","","","","","","15","637","group_actividades_espacio","320","45507377","cbbfd991-8a5a-48d2-930f-cf39fab60461","2020-01-26T06:44:35",""
"Ajonjoli","autoconsumo","1","","","","","Otra","Cuartillo","","","","","","","100","638","group_actividades_espacio","320","45507377","cbbfd991-8a5a-48d2-930f-cf39fab60461","2020-01-26T06:44:35",""
"Calabaza","ambos","60","","","","","Pieza","","","","","","","","20","639","group_actividades_espacio","320","45507377","cbbfd991-8a5a-48d2-930f-cf39fab60461","2020-01-26T06:44:35",""
"Chayote","autoconsumo","1","","","","","Otra","Costal","","","","","","","100","640","group_actividades_espacio","320","45507377","cbbfd991-8a5a-48d2-930f-cf39fab60461","2020-01-26T06:44:35",""
"Cafe","ambos","2","","","","","Otra","Cuartillos","","","","","","","40","641","group_actividades_espacio","320","45507377","cbbfd991-8a5a-48d2-930f-cf39fab60461","2020-01-26T06:44:35",""
"Maiz","autoconsumo","16","","","","","Otra","Costal","","","","","","","100","642","group_actividades_espacio","321","45507380","3a5eb1c4-ebce-4de6-a1f2-c3b6c524ed6f","2020-01-26T06:44:42",""
"Frijol","ambos","10","","","","","Otra","Costal","","","","","","","30","643","group_actividades_espacio","321","45507380","3a5eb1c4-ebce-4de6-a1f2-c3b6c524ed6f","2020-01-26T06:44:42",""
"Maiz","autoconsumo","2","","","","","Otra","Costal","","","","","","","100","644","group_actividades_espacio","322","45507382","1dc9b8ea-fae2-4639-8627-a9a7f7dad3b6","2020-01-26T06:44:50",""
"Platano macho","autoconsumo","18","","","","","Otra","Racimos","","","","","","","100","645","group_actividades_espacio","322","45507382","1dc9b8ea-fae2-4639-8627-a9a7f7dad3b6","2020-01-26T06:44:50",""
"Platano manzano","autoconsumo","5","","","","","Otra","Racimos","","","","","","","100","646","group_actividades_espacio","322","45507382","1dc9b8ea-fae2-4639-8627-a9a7f7dad3b6","2020-01-26T06:44:50",""
"Maiz","autoconsumo","10","","","","","Otra","Costal","","","","","","","100","647","group_actividades_espacio","323","45507384","5e662f8e-dbb8-4562-b843-b3f66ec318b3","2020-01-26T06:44:56",""
"Camote","autoconsumo","3","","","","","Otra","Costal","","","","","","","100","648","group_actividades_espacio","323","45507384","5e662f8e-dbb8-4562-b843-b3f66ec318b3","2020-01-26T06:44:56",""
"Platano macho","autoconsumo","3","","","","","Otra","Racimos","","","","","","","100","649","group_actividades_espacio","323","45507384","5e662f8e-dbb8-4562-b843-b3f66ec318b3","2020-01-26T06:44:56",""
"Platano manzano","autoconsumo","3","","","","","Otra","Racimos","","","","","","","100","650","group_actividades_espacio","323","45507384","5e662f8e-dbb8-4562-b843-b3f66ec318b3","2020-01-26T06:44:56",""
"Yuca","autoconsumo","1","","","","","Otra","Caja","","","","","","","100","651","group_actividades_espacio","323","45507384","5e662f8e-dbb8-4562-b843-b3f66ec318b3","2020-01-26T06:44:56",""
"Cilantro","autoconsumo","2","","","","","Otra","Bolsa","","","","","","","100","652","group_actividades_espacio","323","45507384","5e662f8e-dbb8-4562-b843-b3f66ec318b3","2020-01-26T06:44:56",""
"Naranja","autoconsumo","5","","","","","Otra","Costal","","","","","","","100","653","group_actividades_espacio","323","45507384","5e662f8e-dbb8-4562-b843-b3f66ec318b3","2020-01-26T06:44:56",""
"Mandarina","autoconsumo","3","","","","","Otra","Caja","","","","","","","100","654","group_actividades_espacio","323","45507384","5e662f8e-dbb8-4562-b843-b3f66ec318b3","2020-01-26T06:44:56",""
"Papaya","autoconsumo","10","","","","","Pieza","","","","","","","","100","655","group_actividades_espacio","323","45507384","5e662f8e-dbb8-4562-b843-b3f66ec318b3","2020-01-26T06:44:56",""
"Limon","autoconsumo","1","","","","","Otra","Caja","","","","","","","100","656","group_actividades_espacio","323","45507384","5e662f8e-dbb8-4562-b843-b3f66ec318b3","2020-01-26T06:44:56",""
"Sandia","autoconsumo","7","","","","","Pieza","","","","","","","","100","657","group_actividades_espacio","323","45507384","5e662f8e-dbb8-4562-b843-b3f66ec318b3","2020-01-26T06:44:56",""
"Melon","autoconsumo","10","","","","","Pieza","","","","","","","","100","658","group_actividades_espacio","323","45507384","5e662f8e-dbb8-4562-b843-b3f66ec318b3","2020-01-26T06:44:56",""
"Maiz","autoconsumo","23","","","","","Otra","Costal","","","","","","","100","659","group_actividades_espacio","324","45507387","47472a28-5d89-4435-b97e-5457366267f7","2020-01-26T06:45:04",""
"Nopal","ambos","4","","","","","Otra","Costal","","","","","","","10","660","group_actividades_espacio","324","45507387","47472a28-5d89-4435-b97e-5457366267f7","2020-01-26T06:45:04",""
"Platano manzano","autoconsumo","4","","","","","Otra","Racimos","","","","","","","100","661","group_actividades_espacio","324","45507387","47472a28-5d89-4435-b97e-5457366267f7","2020-01-26T06:45:04",""
"Mango manila","autoconsumo","4","","","","","Otra","Cajas","","","","","","","100","662","group_actividades_espacio","324","45507387","47472a28-5d89-4435-b97e-5457366267f7","2020-01-26T06:45:04",""
"Mango petacon","autoconsumo","3","","","","","Otra","Caja","","","","","","","100","663","group_actividades_espacio","324","45507387","47472a28-5d89-4435-b97e-5457366267f7","2020-01-26T06:45:04",""
"Calabaza","ambos","50","","","","","Pieza","","","","","","","","20","664","group_actividades_espacio","324","45507387","47472a28-5d89-4435-b97e-5457366267f7","2020-01-26T06:45:04",""
"Chayote","autoconsumo","1","","","","","Otra","Costal","","","","","","","100","665","group_actividades_espacio","324","45507387","47472a28-5d89-4435-b97e-5457366267f7","2020-01-26T06:45:04",""
"Yuca","ambos","1","","","","","Otra","Caja","","","","","","","10","666","group_actividades_espacio","324","45507387","47472a28-5d89-4435-b97e-5457366267f7","2020-01-26T06:45:04",""
"Aguacate","autoconsumo","15","","","","","Otra","Caja","","","","","","","100","667","group_actividades_espacio","324","45507387","47472a28-5d89-4435-b97e-5457366267f7","2020-01-26T06:45:04",""
"Cilantro","ambos","40","","","","","","","","","Manojos","","","","30","668","group_actividades_espacio","325","45507457","704871bc-86f9-4e72-853c-9f0d25460d24","2020-01-26T06:46:45",""
"Yerba buena","ambos","50","","","","","","","","","Manojos","","","","20","669","group_actividades_espacio","325","45507457","704871bc-86f9-4e72-853c-9f0d25460d24","2020-01-26T06:46:45",""
"Mesis","ambos","30","","","","","","","","","Manojos","","","","20","670","group_actividades_espacio","325","45507457","704871bc-86f9-4e72-853c-9f0d25460d24","2020-01-26T06:46:45",""
"Quelite","ambos","20","","","","","","","","","Manojos","","","","10","671","group_actividades_espacio","325","45507457","704871bc-86f9-4e72-853c-9f0d25460d24","2020-01-26T06:46:45",""
"Verdolaga","ambos","30","","","","","","","","","Manojos","","","","10","672","group_actividades_espacio","325","45507457","704871bc-86f9-4e72-853c-9f0d25460d24","2020-01-26T06:46:45",""
"Papaya","ambos","20","","","","","","","","","Otra","Pieza","","","10","673","group_actividades_espacio","325","45507457","704871bc-86f9-4e72-853c-9f0d25460d24","2020-01-26T06:46:45",""
"Xonacate","ambos","30","","","","","","","","","Manojos","","","","10","674","group_actividades_espacio","325","45507457","704871bc-86f9-4e72-853c-9f0d25460d24","2020-01-26T06:46:45",""
"Chile","autoconsumo","5","","","","","","","Kilos","","","","","","100","675","group_actividades_espacio","326","45507459","118f08e0-795b-4fc4-871a-00a70e0e7aeb","2020-01-26T06:46:52",""
"Tomate","autoconsumo","5","","","","","","","Kilos","","","","","","100","676","group_actividades_espacio","326","45507459","118f08e0-795b-4fc4-871a-00a70e0e7aeb","2020-01-26T06:46:52",""
"Cebolla","autoconsumo","5","","","","","","","Kilos","","","","","","100","677","group_actividades_espacio","326","45507459","118f08e0-795b-4fc4-871a-00a70e0e7aeb","2020-01-26T06:46:52",""
"Frijol","autoconsumo","8","","","","","","","Kilos","","","","","","100","678","group_actividades_espacio","326","45507459","118f08e0-795b-4fc4-871a-00a70e0e7aeb","2020-01-26T06:46:52",""
"Maiz","autoconsumo","5","","","","","","","Otra","Cuartillos","","","","","100","679","group_actividades_espacio","326","45507459","118f08e0-795b-4fc4-871a-00a70e0e7aeb","2020-01-26T06:46:52",""
"Maiz","autoconsumo","35","","","","","Otra","Costal","","","","","","","100","680","group_actividades_espacio","327","45507461","856fc5c7-e314-4f3f-bd5e-1f163c4ad85f","2020-01-26T06:47:03",""
"Camote","venta","3","","","","","Otra","Costal","","","","","","","1","681","group_actividades_espacio","327","45507461","856fc5c7-e314-4f3f-bd5e-1f163c4ad85f","2020-01-26T06:47:03",""
"Yuca","venta","1","","","","","Otra","Costal","","","","","","","1","682","group_actividades_espacio","327","45507461","856fc5c7-e314-4f3f-bd5e-1f163c4ad85f","2020-01-26T06:47:03",""
"Caña","autoconsumo","15","","","","","Otra","Tercios","","","","","","","100","683","group_actividades_espacio","327","45507461","856fc5c7-e314-4f3f-bd5e-1f163c4ad85f","2020-01-26T06:47:03",""
"Platano esquinado","autoconsumo","20","","","","","Otra","Racimos","","","","","","","100","684","group_actividades_espacio","327","45507461","856fc5c7-e314-4f3f-bd5e-1f163c4ad85f","2020-01-26T06:47:03",""
"Platano quinilla","autoconsumo","15","","","","","Otra","Racimo","","","","","","","100","685","group_actividades_espacio","327","45507461","856fc5c7-e314-4f3f-bd5e-1f163c4ad85f","2020-01-26T06:47:03",""
"Naranja","ambos","4","","","","","Otra","Costal","","","","","","","30","686","group_actividades_espacio","327","45507461","856fc5c7-e314-4f3f-bd5e-1f163c4ad85f","2020-01-26T06:47:03",""
"Papaya","autoconsumo","5","","","","","Pieza","","","","","","","","100","687","group_actividades_espacio","327","45507461","856fc5c7-e314-4f3f-bd5e-1f163c4ad85f","2020-01-26T06:47:03",""
"Palmilla","venta","144","","","","","Otra","Gruesas","","","","","","","1","688","group_actividades_espacio","327","45507461","856fc5c7-e314-4f3f-bd5e-1f163c4ad85f","2020-01-26T06:47:03",""
"Nopal","autoconsumo","1","","","","","Otra","Costal","","","","","","","100","689","group_actividades_espacio","327","45507461","856fc5c7-e314-4f3f-bd5e-1f163c4ad85f","2020-01-26T06:47:03",""
"Maiz","autoconsumo","10","","","","","Otra","Costal","","","","","","","100","690","group_actividades_espacio","328","45507464","297bdb09-f12a-400c-948c-a14ff457a433","2020-01-26T06:47:13",""
"Platano esquinado","autoconsumo","20","","","","","Otra","Racimos","","","","","","","100","691","group_actividades_espacio","328","45507464","297bdb09-f12a-400c-948c-a14ff457a433","2020-01-26T06:47:13",""
"Camote","autoconsumo","2","","","","","Otra","Costal","","","","","","","100","692","group_actividades_espacio","328","45507464","297bdb09-f12a-400c-948c-a14ff457a433","2020-01-26T06:47:13",""
"Calabaza","ambos","30","","","","","Pieza","","","","","","","","30","693","group_actividades_espacio","328","45507464","297bdb09-f12a-400c-948c-a14ff457a433","2020-01-26T06:47:13",""
"Nopal","autoconsumo","1","","","","","Otra","Costal","","","","","","","100","694","group_actividades_espacio","328","45507464","297bdb09-f12a-400c-948c-a14ff457a433","2020-01-26T06:47:13",""
"Papaya","autoconsumo","5","","","","","Pieza","","","","","","","","100","695","group_actividades_espacio","328","45507464","297bdb09-f12a-400c-948c-a14ff457a433","2020-01-26T06:47:13",""
"Limon","autoconsumo","1","","","","","Otra","Caja","","","","","","","100","696","group_actividades_espacio","328","45507464","297bdb09-f12a-400c-948c-a14ff457a433","2020-01-26T06:47:13",""
"Naranja","autoconsumo","1","","","","","Otra","Costal","","","","","","","100","697","group_actividades_espacio","328","45507464","297bdb09-f12a-400c-948c-a14ff457a433","2020-01-26T06:47:13",""
"Mandarina","autoconsumo","5","","","","","Otra","Caja","","","","","","","100","698","group_actividades_espacio","328","45507464","297bdb09-f12a-400c-948c-a14ff457a433","2020-01-26T06:47:13",""
"Maiz","autoconsumo","5","","","","","","","","","Otra","Costal","","","100","699","group_actividades_espacio","329","45507466","b60add65-5c22-4bde-999c-93af949609fc","2020-01-26T06:47:21",""
"Maiz","autoconsumo","10","","","","","Otra","Costal","","","","","","","100","700","group_actividades_espacio","330","45507469","e8fc5a16-9498-4d50-a74f-b6c425be2c16","2020-01-26T06:47:24",""
"Maiz","autoconsumo","20","","","","","Otra","Costal","","","","","","","100","701","group_actividades_espacio","331","45507471","510334ea-8389-42c0-9f72-91545941c3f3","2020-01-26T06:47:26",""
"Papatla","venta","5","","","","","Manojo","","","","","","","","1","702","group_actividades_espacio","331","45507471","510334ea-8389-42c0-9f72-91545941c3f3","2020-01-26T06:47:26",""
"Platano manzano","ambos","5","","","","","Otra","Racimos","","","","","","","5","703","group_actividades_espacio","331","45507471","510334ea-8389-42c0-9f72-91545941c3f3","2020-01-26T06:47:26",""
"Maiz","ambos","40","","","","","Otra","Costal","","","","","","","40","704","group_actividades_espacio","332","45507473","02dd5e6b-d974-4252-a8c0-a6922b7099e8","2020-01-26T06:47:29",""
"Platano manzano","ambos","12","","","","","Otra","Racimo","","","","","","","10","705","group_actividades_espacio","332","45507473","02dd5e6b-d974-4252-a8c0-a6922b7099e8","2020-01-26T06:47:29",""
"Platano macho","ambos","10","","","","","Otra","Racimo","","","","","","","10","706","group_actividades_espacio","332","45507473","02dd5e6b-d974-4252-a8c0-a6922b7099e8","2020-01-26T06:47:29",""
"Limon","autoconsumo","1","","","","","Otra","Caja","","","","","","","100","707","group_actividades_espacio","332","45507473","02dd5e6b-d974-4252-a8c0-a6922b7099e8","2020-01-26T06:47:29",""
"Naranja","autoconsumo","2","","","","","Otra","Costal","","","","","","","100","708","group_actividades_espacio","332","45507473","02dd5e6b-d974-4252-a8c0-a6922b7099e8","2020-01-26T06:47:29",""
"Maiz","ambos","250","","","","","Otra","Costal","","","","","","","30","709","group_actividades_espacio","333","45507475","43969d35-03e6-4c7f-82a8-6ac852460445","2020-01-26T06:47:31",""
"Nopal","ambos","20","","","","","Otra","Costal","","","","","","","5","710","group_actividades_espacio","333","45507475","43969d35-03e6-4c7f-82a8-6ac852460445","2020-01-26T06:47:31",""
"Tuna","ambos","8","","","","","Otra","Caja","","","","","","","5","711","group_actividades_espacio","333","45507475","43969d35-03e6-4c7f-82a8-6ac852460445","2020-01-26T06:47:31",""
"Papaya","ambos","50","","","","","Pieza","","","","","","","","10","712","group_actividades_espacio","333","45507475","43969d35-03e6-4c7f-82a8-6ac852460445","2020-01-26T06:47:31",""
"Platano manzano","ambos","15","","","","","Manojo","","","","","","","","5","713","group_actividades_espacio","333","45507475","43969d35-03e6-4c7f-82a8-6ac852460445","2020-01-26T06:47:31",""
"Platano macho","ambos","15","","","","","Manojo","","","","","","","","10","714","group_actividades_espacio","333","45507475","43969d35-03e6-4c7f-82a8-6ac852460445","2020-01-26T06:47:31",""
"Jacube","ambos","30","","","","","Otra","Caja","","","","","","","15","715","group_actividades_espacio","333","45507475","43969d35-03e6-4c7f-82a8-6ac852460445","2020-01-26T06:47:31",""
"Naranja","ambos","15","","","","","Otra","Costal","","","","","","","10","716","group_actividades_espacio","333","45507475","43969d35-03e6-4c7f-82a8-6ac852460445","2020-01-26T06:47:31",""
"Caña","venta","30","","","","","Pieza","","","","","","","","1","717","group_actividades_espacio","333","45507475","43969d35-03e6-4c7f-82a8-6ac852460445","2020-01-26T06:47:31",""
"Maiz","ambos","40","","","","","Otra","Costal","","","","","","","40","718","group_actividades_espacio","334","46843251","5aa50f66-e05e-4e9b-a330-1c88d913e0e9","2020-02-16T04:45:37",""
"Frijol","ambos","15","","","","","Otra","Costal","","","","","","","30","719","group_actividades_espacio","334","46843251","5aa50f66-e05e-4e9b-a330-1c88d913e0e9","2020-02-16T04:45:37",""
"Piña tampiquero","ambos","400","","","","","Pieza","","","","","","","","5","720","group_actividades_espacio","334","46843251","5aa50f66-e05e-4e9b-a330-1c88d913e0e9","2020-02-16T04:45:37",""
"Camote de tierra","ambos","5","","","","","Otra","Costal","","","","","","","10","721","group_actividades_espacio","334","46843251","5aa50f66-e05e-4e9b-a330-1c88d913e0e9","2020-02-16T04:45:37",""
"Platano largo","ambos","20","","","","","Otra","Racimos","","","","","","","10","722","group_actividades_espacio","334","46843251","5aa50f66-e05e-4e9b-a330-1c88d913e0e9","2020-02-16T04:45:37",""
"Platano macho","ambos","22","","","","","Otra","Racimos","","","","","","","15","723","group_actividades_espacio","334","46843251","5aa50f66-e05e-4e9b-a330-1c88d913e0e9","2020-02-16T04:45:37",""
"Nopal","ambos","5","","","","","Otra","Costal","","","","","","","10","724","group_actividades_espacio","334","46843251","5aa50f66-e05e-4e9b-a330-1c88d913e0e9","2020-02-16T04:45:37",""
"Naranja","ambos","20","","","","","Otra","Costal","","","","","","","20","725","group_actividades_espacio","334","46843251","5aa50f66-e05e-4e9b-a330-1c88d913e0e9","2020-02-16T04:45:37",""
"Mandarina","ambos","5","","","","","Otra","Caja","","","","","","","10","726","group_actividades_espacio","334","46843251","5aa50f66-e05e-4e9b-a330-1c88d913e0e9","2020-02-16T04:45:37",""
"Palmilla","venta","100","","","","","Otra","Gruesas","","","","","","","1","727","group_actividades_espacio","334","46843251","5aa50f66-e05e-4e9b-a330-1c88d913e0e9","2020-02-16T04:45:37",""
"Lenteja","ambos","20","","","","","Otra","Costal","","","","","","","10","728","group_actividades_espacio","334","46843251","5aa50f66-e05e-4e9b-a330-1c88d913e0e9","2020-02-16T04:45:37",""
"Calabaza","ambos","60","","","","","Pieza","","","","","","","","20","729","group_actividades_espacio","334","46843251","5aa50f66-e05e-4e9b-a330-1c88d913e0e9","2020-02-16T04:45:37",""
"Maiz","ambos","50","","","","","Otra","Costal","","","","","","","40","730","group_actividades_espacio","335","46843256","1f4ac967-f054-461d-af45-784e0457791a","2020-02-16T04:45:43",""
"Frijol","ambos","4","","","","","Otra","Costal","","","","","","","30","731","group_actividades_espacio","335","46843256","1f4ac967-f054-461d-af45-784e0457791a","2020-02-16T04:45:43",""
"Mandarina","autoconsumo","1","","","","","Otra","Caja","","","","","","","100","732","group_actividades_espacio","335","46843256","1f4ac967-f054-461d-af45-784e0457791a","2020-02-16T04:45:43",""
"Platano tabasco","ambos","8","","","","","Otra","Raciml","","","","","","","10","733","group_actividades_espacio","335","46843256","1f4ac967-f054-461d-af45-784e0457791a","2020-02-16T04:45:43",""
"Platano macho","ambos","5","","","","","Otra","Racimo","","","","","","","10","734","group_actividades_espacio","335","46843256","1f4ac967-f054-461d-af45-784e0457791a","2020-02-16T04:45:43",""
"Platano manzano","ambos","10","","","","","Otra","Racimo","","","","","","","10","735","group_actividades_espacio","335","46843256","1f4ac967-f054-461d-af45-784e0457791a","2020-02-16T04:45:43",""
"Naranja","autoconsumo","1","","","","","Otra","Costal","","","","","","","100","736","group_actividades_espacio","335","46843256","1f4ac967-f054-461d-af45-784e0457791a","2020-02-16T04:45:43",""
"Papaya","autoconsumo","20","","","","","Pieza","","","","","","","","100","737","group_actividades_espacio","335","46843256","1f4ac967-f054-461d-af45-784e0457791a","2020-02-16T04:45:43",""
"Chayote","ambos","30","","","","","Otra","Caja","","","","","","","10","738","group_actividades_espacio","335","46843256","1f4ac967-f054-461d-af45-784e0457791a","2020-02-16T04:45:43",""
"Calabaza","ambos","100","","","","","Pieza","","","","","","","","10","739","group_actividades_espacio","335","46843256","1f4ac967-f054-461d-af45-784e0457791a","2020-02-16T04:45:43",""
"Jobo","autoconsumo","2","","","","","Otra","Cubeta","","","","","","","100","740","group_actividades_espacio","335","46843256","1f4ac967-f054-461d-af45-784e0457791a","2020-02-16T04:45:43",""
"Caxtilan","ambos","350","","","","","Otra","Costal","","","","","","","30","741","group_actividades_espacio","336","46843260","7f72e3d5-925d-41e4-b9fd-a98035410f94","2020-02-16T04:45:47",""
"Maiz","ambos","30","","","","","Otra","Costal","","","","","","","30","742","group_actividades_espacio","336","46843260","7f72e3d5-925d-41e4-b9fd-a98035410f94","2020-02-16T04:45:47",""
"Zapote","autoconsumo","1","","","","","Otra","Caja","","","","","","","100","743","group_actividades_espacio","336","46843260","7f72e3d5-925d-41e4-b9fd-a98035410f94","2020-02-16T04:45:47",""
"Naranja","autoconsumo","1","","","","","Otra","Costal","","","","","","","100","744","group_actividades_espacio","336","46843260","7f72e3d5-925d-41e4-b9fd-a98035410f94","2020-02-16T04:45:47",""
"Platano macho","autoconsumo","1","","","","","Otra","Racimo","","","","","","","100","745","group_actividades_espacio","336","46843260","7f72e3d5-925d-41e4-b9fd-a98035410f94","2020-02-16T04:45:47",""
"Platano manzani","autoconsumo","1","","","","","Otra","Racimo","","","","","","","100","746","group_actividades_espacio","336","46843260","7f72e3d5-925d-41e4-b9fd-a98035410f94","2020-02-16T04:45:47",""
"Calabaza","ambos","200","","","","","Pieza","","","","","","","","30","747","group_actividades_espacio","336","46843260","7f72e3d5-925d-41e4-b9fd-a98035410f94","2020-02-16T04:45:47",""
"Nopal","autoconsumo","1","","","","","Otra","Costal","","","","","","","100","748","group_actividades_espacio","336","46843260","7f72e3d5-925d-41e4-b9fd-a98035410f94","2020-02-16T04:45:47",""
"Maiz","autoconsumo","5","","","","","","","Otra","Costal","","","","","100","749","group_actividades_espacio","337","46844654","f9d174d4-ba79-437c-8144-33845f586a97","2020-02-16T05:45:22",""
"Frijol","autoconsumo","1","","","","","","","Otra","Costal","","","","","100","750","group_actividades_espacio","337","46844654","f9d174d4-ba79-437c-8144-33845f586a97","2020-02-16T05:45:22",""
"Azucar","autoconsumo","10","","","","","","","Kilos","","","","","","100","751","group_actividades_espacio","337","46844654","f9d174d4-ba79-437c-8144-33845f586a97","2020-02-16T05:45:22",""
"Maiz","ambos","60","","","","","Otra","Costal","","","","","","","40","752","group_actividades_espacio","338","48319996","8b9f965c-e04e-4783-bde1-5182c21d16d3","2020-03-06T15:49:14",""
"Naranja","ambos","10","","","","","Otra","Costal","","","","","","","10","753","group_actividades_espacio","338","48319996","8b9f965c-e04e-4783-bde1-5182c21d16d3","2020-03-06T15:49:14",""
"Nopal","ambos","5","","","","","Otra","Costal","","","","","","","15","754","group_actividades_espacio","338","48319996","8b9f965c-e04e-4783-bde1-5182c21d16d3","2020-03-06T15:49:14",""
"Caxtilan","ambos","40","","","","","Otra","Costal","","","","","","","30","755","group_actividades_espacio","338","48319996","8b9f965c-e04e-4783-bde1-5182c21d16d3","2020-03-06T15:49:14",""
"Jacube","autoconsumo","5","","","","","Otra","Caja","","","","","","","100","756","group_actividades_espacio","338","48319996","8b9f965c-e04e-4783-bde1-5182c21d16d3","2020-03-06T15:49:14",""
"Platano macho","ambos","15","","","","","Otra","Racimo","","","","","","","20","757","group_actividades_espacio","338","48319996","8b9f965c-e04e-4783-bde1-5182c21d16d3","2020-03-06T15:49:14",""
"Platano manzano","autoconsumo","3","","","","","Otra","Racimo","","","","","","","100","758","group_actividades_espacio","338","48319996","8b9f965c-e04e-4783-bde1-5182c21d16d3","2020-03-06T15:49:14",""
"Pemuche","autoconsumo","1","","","","","Otra","Costal","","","","","","","100","759","group_actividades_espacio","338","48319996","8b9f965c-e04e-4783-bde1-5182c21d16d3","2020-03-06T15:49:14",""
"Chile piquin","autoconsumo","1","","","","","Otra","Cuartillo","","","","","","","100","760","group_actividades_espacio","338","48319996","8b9f965c-e04e-4783-bde1-5182c21d16d3","2020-03-06T15:49:14",""
